,urbanland,Scenario,Year,GID_3,GID_0,COUNTRY,GID_1,NAME_1,NL_NAME_1,GID_2,NAME_2,NL_NAME_2,NAME_3,VARNAME_3,NL_NAME_3,TYPE_3,ENGTYPE_3,CC_3,HASC_3,lon,lat,center_lon,center_lat
0,0.002302654087543,SSP5,2100,BGD.2.4.2_1,BGD,Bangladesh,BGD.2_1,Chittagong,NA,BGD.2.4_1,Chittagong,NA,Bakalia,NA,NA,Upazilla,Upazilla,201510,NA,91.79827730888465,22.467422834998036,91.81237988562597,22.35315444636301
1,0.002153359353542,SSP5,2100,BGD.2.4.2_1,BGD,Bangladesh,BGD.2_1,Chittagong,NA,BGD.2.4_1,Chittagong,NA,Bakalia,NA,NA,Upazilla,Upazilla,201510,NA,91.80458680526812,22.468540591418044,,
2,0.004667460918427,SSP5,2100,BGD.2.4.2_1,BGD,Bangladesh,BGD.2_1,Chittagong,NA,BGD.2.4_1,Chittagong,NA,Bakalia,NA,NA,Upazilla,Upazilla,201510,NA,91.81258626082021,22.469241299210413,,
3,0.006506852805614,SSP5,2100,BGD.2.4.2_1,BGD,Bangladesh,BGD.2_1,Chittagong,NA,BGD.2.4_1,Chittagong,NA,Bakalia,NA,NA,Upazilla,Upazilla,201510,NA,91.81900914040133,22.468932634626714,,
4,0.001601912081242,SSP5,2100,BGD.2.4.2_1,BGD,Bangladesh,BGD.2_1,Chittagong,NA,BGD.2.4_1,Chittagong,NA,Bakalia,NA,NA,Upazilla,Upazilla,201510,NA,91.80004802943733,22.46247580277295,,
5,0.003576558083296,SSP5,2100,BGD.2.4.2_1,BGD,Bangladesh,BGD.2_1,Chittagong,NA,BGD.2.4_1,Chittagong,NA,Bakalia,NA,NA,Upazilla,Upazilla,201510,NA,91.8124999891275,22.462500007077495,,
6,0.005141999572515,SSP5,2100,BGD.2.4.2_1,BGD,Bangladesh,BGD.2_1,Chittagong,NA,BGD.2.4_1,Chittagong,NA,Bakalia,NA,NA,Upazilla,Upazilla,201510,NA,91.81934177271133,22.462493128249502,,
7,0.000706524122506,SSP5,2100,BGD.2.4.2_1,BGD,Bangladesh,BGD.2_1,Chittagong,NA,BGD.2.4_1,Chittagong,NA,Bakalia,NA,NA,Upazilla,Upazilla,201510,NA,91.7958333224615,22.454166673744496,,
8,0.001337719149888,SSP5,2100,BGD.2.4.2_1,BGD,Bangladesh,BGD.2_1,Chittagong,NA,BGD.2.4_1,Chittagong,NA,Bakalia,NA,NA,Upazilla,Upazilla,201510,NA,91.80833332246098,22.454166673744496,,
9,0.008058331906796,SSP5,2100,BGD.2.4.2_1,BGD,Bangladesh,BGD.2_1,Chittagong,NA,BGD.2.4_1,Chittagong,NA,Bakalia,NA,NA,Upazilla,Upazilla,201510,NA,91.81971537594681,22.454039170738287,,
10,0.001292309723794,SSP5,2100,BGD.2.4.2_1,BGD,Bangladesh,BGD.2_1,Chittagong,NA,BGD.2.4_1,Chittagong,NA,Bakalia,NA,NA,Upazilla,Upazilla,201510,NA,91.8041666557945,22.445833340411497,,
11,0.007136590778828,SSP5,2100,BGD.2.4.2_1,BGD,Bangladesh,BGD.2_1,Chittagong,NA,BGD.2.4_1,Chittagong,NA,Bakalia,NA,NA,Upazilla,Upazilla,201510,NA,91.8124999891275,22.445833340411497,,
12,0.012587487697601,SSP5,2100,BGD.2.4.2_1,BGD,Bangladesh,BGD.2_1,Chittagong,NA,BGD.2.4_1,Chittagong,NA,Bakalia,NA,NA,Upazilla,Upazilla,201510,NA,91.82041737280254,22.445689119999848,,
13,0.000142088509165,SSP5,2100,BGD.2.4.2_1,BGD,Bangladesh,BGD.2_1,Chittagong,NA,BGD.2.4_1,Chittagong,NA,Bakalia,NA,NA,Upazilla,Upazilla,201510,NA,91.78749998912849,22.437500007078498,,
14,0.000466178636998,SSP5,2100,BGD.2.4.2_1,BGD,Bangladesh,BGD.2_1,Chittagong,NA,BGD.2.4_1,Chittagong,NA,Bakalia,NA,NA,Upazilla,Upazilla,201510,NA,91.79583332246149,22.437500007078498,,
15,0.000466178171337,SSP5,2100,BGD.2.4.2_1,BGD,Bangladesh,BGD.2_1,Chittagong,NA,BGD.2.4_1,Chittagong,NA,Bakalia,NA,NA,Upazilla,Upazilla,201510,NA,91.8041666557945,22.437500007078498,,
16,0.002566793933511,SSP5,2100,BGD.2.4.2_1,BGD,Bangladesh,BGD.2_1,Chittagong,NA,BGD.2.4_1,Chittagong,NA,Bakalia,NA,NA,Upazilla,Upazilla,201510,NA,91.8124999891275,22.437500007078498,,
17,0.007553488016129,SSP5,2100,BGD.2.4.2_1,BGD,Bangladesh,BGD.2_1,Chittagong,NA,BGD.2.4_1,Chittagong,NA,Bakalia,NA,NA,Upazilla,Upazilla,201510,NA,91.82083332246049,22.437500007078498,,
18,0.006606586277485,SSP5,2100,BGD.2.4.2_1,BGD,Bangladesh,BGD.2_1,Chittagong,NA,BGD.2.4_1,Chittagong,NA,Bakalia,NA,NA,Upazilla,Upazilla,201510,NA,91.8254140485547,22.437548834125426,,
19,0.077732294797897,SSP5,2100,BGD.2.4.2_1,BGD,Bangladesh,BGD.2_1,Chittagong,NA,BGD.2.4_1,Chittagong,NA,Bakalia,NA,NA,Upazilla,Upazilla,201510,NA,91.88086420345685,22.434151668472612,,
20,0.036565344780684,SSP5,2100,BGD.2.4.2_1,BGD,Bangladesh,BGD.2_1,Chittagong,NA,BGD.2.4_1,Chittagong,NA,Bakalia,NA,NA,Upazilla,Upazilla,201510,NA,91.88684594974401,22.43413943655021,,
21,0.034577842801809,SSP5,2100,BGD.2.4.2_1,BGD,Bangladesh,BGD.2_1,Chittagong,NA,BGD.2.4_1,Chittagong,NA,Bakalia,NA,NA,Upazilla,Upazilla,201510,NA,91.89172016255233,22.433399812238868,,
22,0.00020022271201,SSP5,2100,BGD.2.4.2_1,BGD,Bangladesh,BGD.2_1,Chittagong,NA,BGD.2.4_1,Chittagong,NA,Bakalia,NA,NA,Upazilla,Upazilla,201510,NA,91.77408052035682,22.43210460186204,,
23,0.001093639060855,SSP5,2100,BGD.2.4.2_1,BGD,Bangladesh,BGD.2_1,Chittagong,NA,BGD.2.4_1,Chittagong,NA,Bakalia,NA,NA,Upazilla,Upazilla,201510,NA,91.7958333224615,22.429166673745495,,
24,0.002185724675655,SSP5,2100,BGD.2.4.2_1,BGD,Bangladesh,BGD.2_1,Chittagong,NA,BGD.2.4_1,Chittagong,NA,Bakalia,NA,NA,Upazilla,Upazilla,201510,NA,91.80833332246098,22.429166673745495,,
25,0.011091537773609,SSP5,2100,BGD.2.4.2_1,BGD,Bangladesh,BGD.2_1,Chittagong,NA,BGD.2.4_1,Chittagong,NA,Bakalia,NA,NA,Upazilla,Upazilla,201510,NA,91.82075168723824,22.429205298413784,,
26,0.012113571166992,SSP5,2100,BGD.2.4.2_1,BGD,Bangladesh,BGD.2_1,Chittagong,NA,BGD.2.4_1,Chittagong,NA,Bakalia,NA,NA,Upazilla,Upazilla,201510,NA,91.82514379674845,22.432015413838627,,
27,0.009391255676746,SSP5,2100,BGD.2.4.2_1,BGD,Bangladesh,BGD.2_1,Chittagong,NA,BGD.2.4_1,Chittagong,NA,Bakalia,NA,NA,Upazilla,Upazilla,201510,NA,91.87424354269699,22.4265457728271,,
28,0.053882706910372,SSP5,2100,BGD.2.4.2_1,BGD,Bangladesh,BGD.2_1,Chittagong,NA,BGD.2.4_1,Chittagong,NA,Bakalia,NA,NA,Upazilla,Upazilla,201510,NA,91.87934748320895,22.429017908856952,,
29,0.013066234067082,SSP5,2100,BGD.2.4.2_1,BGD,Bangladesh,BGD.2_1,Chittagong,NA,BGD.2.4_1,Chittagong,NA,Bakalia,NA,NA,Upazilla,Upazilla,201510,NA,91.8888803805574,22.428992502791473,,
30,6.1604951043e-05,SSP5,2100,BGD.2.4.2_1,BGD,Bangladesh,BGD.2_1,Chittagong,NA,BGD.2.4_1,Chittagong,NA,Bakalia,NA,NA,Upazilla,Upazilla,201510,NA,91.79583332246149,22.420833340412496,,
31,0.001907335594296,SSP5,2100,BGD.2.4.2_1,BGD,Bangladesh,BGD.2_1,Chittagong,NA,BGD.2.4_1,Chittagong,NA,Bakalia,NA,NA,Upazilla,Upazilla,201510,NA,91.8041666557945,22.420833340412496,,
32,0.008742846548557,SSP5,2100,BGD.2.4.2_1,BGD,Bangladesh,BGD.2_1,Chittagong,NA,BGD.2.4_1,Chittagong,NA,Bakalia,NA,NA,Upazilla,Upazilla,201510,NA,91.8124999891275,22.420833340412496,,
33,0.011681534349918,SSP5,2100,BGD.2.4.2_1,BGD,Bangladesh,BGD.2_1,Chittagong,NA,BGD.2.4_1,Chittagong,NA,Bakalia,NA,NA,Upazilla,Upazilla,201510,NA,91.82250668915204,22.42019856836729,,
34,0.005210444331169,SSP5,2100,BGD.2.4.2_1,BGD,Bangladesh,BGD.2_1,Chittagong,NA,BGD.2.4_1,Chittagong,NA,Bakalia,NA,NA,Upazilla,Upazilla,201510,NA,91.83777649093845,22.4180918853912,,
35,0.0018524620682,SSP5,2100,BGD.2.4.2_1,BGD,Bangladesh,BGD.2_1,Chittagong,NA,BGD.2.4_1,Chittagong,NA,Bakalia,NA,NA,Upazilla,Upazilla,201510,NA,91.84336206556802,22.41794474864534,,
36,0.01521198451519,SSP5,2100,BGD.2.4.2_1,BGD,Bangladesh,BGD.2_1,Chittagong,NA,BGD.2.4_1,Chittagong,NA,Bakalia,NA,NA,Upazilla,Upazilla,201510,NA,91.87318714700206,22.420066543108106,,
37,0.048970468342304,SSP5,2100,BGD.2.4.2_1,BGD,Bangladesh,BGD.2_1,Chittagong,NA,BGD.2.4_1,Chittagong,NA,Bakalia,NA,NA,Upazilla,Upazilla,201510,NA,91.87916665579151,22.420833340412496,,
38,0.037440165877342,SSP5,2100,BGD.2.4.2_1,BGD,Bangladesh,BGD.2_1,Chittagong,NA,BGD.2.4_1,Chittagong,NA,Bakalia,NA,NA,Upazilla,Upazilla,201510,NA,91.88720135810838,22.42100780905859,,
39,0.033861383795738,SSP5,2100,BGD.2.4.2_1,BGD,Bangladesh,BGD.2_1,Chittagong,NA,BGD.2.4_1,Chittagong,NA,Bakalia,NA,NA,Upazilla,Upazilla,201510,NA,91.89276422999775,22.423467702899366,,
40,0.000100150762592,SSP5,2100,BGD.2.4.2_1,BGD,Bangladesh,BGD.2_1,Chittagong,NA,BGD.2.4_1,Chittagong,NA,Bakalia,NA,NA,Upazilla,Upazilla,201510,NA,91.79166665579498,22.4125000070795,,
41,0.000109563698061,SSP5,2100,BGD.2.4.2_1,BGD,Bangladesh,BGD.2_1,Chittagong,NA,BGD.2.4_1,Chittagong,NA,Bakalia,NA,NA,Upazilla,Upazilla,201510,NA,91.8041666557945,22.4125000070795,,
42,0.001767374575138,SSP5,2100,BGD.2.4.2_1,BGD,Bangladesh,BGD.2_1,Chittagong,NA,BGD.2.4_1,Chittagong,NA,Bakalia,NA,NA,Upazilla,Upazilla,201510,NA,91.8124999891275,22.4125000070795,,
43,0.014778465032578,SSP5,2100,BGD.2.4.2_1,BGD,Bangladesh,BGD.2_1,Chittagong,NA,BGD.2.4_1,Chittagong,NA,Bakalia,NA,NA,Upazilla,Upazilla,201510,NA,91.82083332246049,22.4125000070795,,
44,0.005892567336559,SSP5,2100,BGD.2.4.2_1,BGD,Bangladesh,BGD.2_1,Chittagong,NA,BGD.2.4_1,Chittagong,NA,Bakalia,NA,NA,Upazilla,Upazilla,201510,NA,91.83333332245999,22.4125000070795,,
45,0.00516663864255,SSP5,2100,BGD.2.4.2_1,BGD,Bangladesh,BGD.2_1,Chittagong,NA,BGD.2.4_1,Chittagong,NA,Bakalia,NA,NA,Upazilla,Upazilla,201510,NA,91.84522064545733,22.411947436131463,,
46,0.004099451005459,SSP5,2100,BGD.2.4.2_1,BGD,Bangladesh,BGD.2_1,Chittagong,NA,BGD.2.4_1,Chittagong,NA,Bakalia,NA,NA,Upazilla,Upazilla,201510,NA,91.85398897281249,22.40903919847774,,
47,0.009515561163425,SSP5,2100,BGD.2.4.2_1,BGD,Bangladesh,BGD.2_1,Chittagong,NA,BGD.2.4_1,Chittagong,NA,Bakalia,NA,NA,Upazilla,Upazilla,201510,NA,91.86015434312841,22.408785568621195,,
48,0.006189994513988,SSP5,2100,BGD.2.4.2_1,BGD,Bangladesh,BGD.2_1,Chittagong,NA,BGD.2.4_1,Chittagong,NA,Bakalia,NA,NA,Upazilla,Upazilla,201510,NA,91.8723059675549,22.41258239470098,,
49,0.051930967718363,SSP5,2100,BGD.2.4.2_1,BGD,Bangladesh,BGD.2_1,Chittagong,NA,BGD.2.4_1,Chittagong,NA,Bakalia,NA,NA,Upazilla,Upazilla,201510,NA,91.87916665579151,22.4125000070795,,
50,0.061970982700586,SSP5,2100,BGD.2.4.2_1,BGD,Bangladesh,BGD.2_1,Chittagong,NA,BGD.2.4_1,Chittagong,NA,Bakalia,NA,NA,Upazilla,Upazilla,201510,NA,91.8874999891245,22.4125000070795,,
51,0.011054702103138,SSP5,2100,BGD.2.4.2_1,BGD,Bangladesh,BGD.2_1,Chittagong,NA,BGD.2.4_1,Chittagong,NA,Bakalia,NA,NA,Upazilla,Upazilla,201510,NA,91.89342553552804,22.411666465993758,,
52,0.000223229173571,SSP5,2100,BGD.2.4.2_1,BGD,Bangladesh,BGD.2_1,Chittagong,NA,BGD.2.4_1,Chittagong,NA,Bakalia,NA,NA,Upazilla,Upazilla,201510,NA,91.7831217840496,22.40789356846118,,
53,0.001623052172363,SSP5,2100,BGD.2.4.2_1,BGD,Bangladesh,BGD.2_1,Chittagong,NA,BGD.2.4_1,Chittagong,NA,Bakalia,NA,NA,Upazilla,Upazilla,201510,NA,91.78815706815946,22.404601954883223,,
54,0.001705454662442,SSP5,2100,BGD.2.4.2_1,BGD,Bangladesh,BGD.2_1,Chittagong,NA,BGD.2.4_1,Chittagong,NA,Bakalia,NA,NA,Upazilla,Upazilla,201510,NA,91.7958333224615,22.404166673746495,,
55,0.003964379429817,SSP5,2100,BGD.2.4.2_1,BGD,Bangladesh,BGD.2_1,Chittagong,NA,BGD.2.4_1,Chittagong,NA,Bakalia,NA,NA,Upazilla,Upazilla,201510,NA,91.80833332246098,22.404166673746495,,
56,0.010149881243706,SSP5,2100,BGD.2.4.2_1,BGD,Bangladesh,BGD.2_1,Chittagong,NA,BGD.2.4_1,Chittagong,NA,Bakalia,NA,NA,Upazilla,Upazilla,201510,NA,91.8208333224605,22.404166673746495,,
57,0.017904281616211,SSP5,2100,BGD.2.4.2_1,BGD,Bangladesh,BGD.2_1,Chittagong,NA,BGD.2.4_1,Chittagong,NA,Bakalia,NA,NA,Upazilla,Upazilla,201510,NA,91.82916665579349,22.404166673746495,,
58,0.014612123370171,SSP5,2100,BGD.2.4.2_1,BGD,Bangladesh,BGD.2_1,Chittagong,NA,BGD.2.4_1,Chittagong,NA,Bakalia,NA,NA,Upazilla,Upazilla,201510,NA,91.83749998912647,22.404166673746495,,
59,0.001035373657942,SSP5,2100,BGD.2.4.2_1,BGD,Bangladesh,BGD.2_1,Chittagong,NA,BGD.2.4_1,Chittagong,NA,Bakalia,NA,NA,Upazilla,Upazilla,201510,NA,91.8499595572504,22.40409683267884,,
60,0.007341764867306,SSP5,2100,BGD.2.4.2_1,BGD,Bangladesh,BGD.2_1,Chittagong,NA,BGD.2.4_1,Chittagong,NA,Bakalia,NA,NA,Upazilla,Upazilla,201510,NA,91.86236375473676,22.403974996875046,,
61,0.015725955367088,SSP5,2100,BGD.2.4.2_1,BGD,Bangladesh,BGD.2_1,Chittagong,NA,BGD.2.4_1,Chittagong,NA,Bakalia,NA,NA,Upazilla,Upazilla,201510,NA,91.87094631860057,22.403985611606707,,
62,0.118323154747486,SSP5,2100,BGD.2.4.2_1,BGD,Bangladesh,BGD.2_1,Chittagong,NA,BGD.2.4_1,Chittagong,NA,Bakalia,NA,NA,Upazilla,Upazilla,201510,NA,91.8791666557915,22.404166673746495,,
63,0.0174102447927,SSP5,2100,BGD.2.4.2_1,BGD,Bangladesh,BGD.2_1,Chittagong,NA,BGD.2.4_1,Chittagong,NA,Bakalia,NA,NA,Upazilla,Upazilla,201510,NA,91.88963538047184,22.404191064475782,,
64,0.006561409682035,SSP5,2100,BGD.2.4.2_1,BGD,Bangladesh,BGD.2_1,Chittagong,NA,BGD.2.4_1,Chittagong,NA,Bakalia,NA,NA,Upazilla,Upazilla,201510,NA,91.78800098987244,22.394897900513783,,
65,0.005680169910192,SSP5,2100,BGD.2.4.2_1,BGD,Bangladesh,BGD.2_1,Chittagong,NA,BGD.2.4_1,Chittagong,NA,Bakalia,NA,NA,Upazilla,Upazilla,201510,NA,91.79583332246149,22.395833340413496,,
66,0.003737896680832,SSP5,2100,BGD.2.4.2_1,BGD,Bangladesh,BGD.2_1,Chittagong,NA,BGD.2.4_1,Chittagong,NA,Bakalia,NA,NA,Upazilla,Upazilla,201510,NA,91.8041666557945,22.395833340413496,,
67,0.01706375181675,SSP5,2100,BGD.2.4.2_1,BGD,Bangladesh,BGD.2_1,Chittagong,NA,BGD.2.4_1,Chittagong,NA,Bakalia,NA,NA,Upazilla,Upazilla,201510,NA,91.8124999891275,22.395833340413496,,
68,0.020677819848061,SSP5,2100,BGD.2.4.2_1,BGD,Bangladesh,BGD.2_1,Chittagong,NA,BGD.2.4_1,Chittagong,NA,Bakalia,NA,NA,Upazilla,Upazilla,201510,NA,91.82499998912698,22.395833340413496,,
69,0.014584839344025,SSP5,2100,BGD.2.4.2_1,BGD,Bangladesh,BGD.2_1,Chittagong,NA,BGD.2.4_1,Chittagong,NA,Bakalia,NA,NA,Upazilla,Upazilla,201510,NA,91.83749998912648,22.395833340413496,,
70,0.00952560454607,SSP5,2100,BGD.2.4.2_1,BGD,Bangladesh,BGD.2_1,Chittagong,NA,BGD.2.4_1,Chittagong,NA,Bakalia,NA,NA,Upazilla,Upazilla,201510,NA,91.84583332245948,22.395833340413496,,
71,0.005383189767599,SSP5,2100,BGD.2.4.2_1,BGD,Bangladesh,BGD.2_1,Chittagong,NA,BGD.2.4_1,Chittagong,NA,Bakalia,NA,NA,Upazilla,Upazilla,201510,NA,91.85416665579248,22.395833340413496,,
72,0.019602566957474,SSP5,2100,BGD.2.4.2_1,BGD,Bangladesh,BGD.2_1,Chittagong,NA,BGD.2.4_1,Chittagong,NA,Bakalia,NA,NA,Upazilla,Upazilla,201510,NA,91.86666665579197,22.3958333404135,,
73,0.150370180606842,SSP5,2100,BGD.2.4.2_1,BGD,Bangladesh,BGD.2_1,Chittagong,NA,BGD.2.4_1,Chittagong,NA,Bakalia,NA,NA,Upazilla,Upazilla,201510,NA,91.87916665579151,22.395833340413496,,
74,0.025835549458861,SSP5,2100,BGD.2.4.2_1,BGD,Bangladesh,BGD.2_1,Chittagong,NA,BGD.2.4_1,Chittagong,NA,Bakalia,NA,NA,Upazilla,Upazilla,201510,NA,91.8874999891245,22.395833340413496,,
75,0.04908849671483,SSP5,2100,BGD.2.4.2_1,BGD,Bangladesh,BGD.2_1,Chittagong,NA,BGD.2.4_1,Chittagong,NA,Bakalia,NA,NA,Upazilla,Upazilla,201510,NA,91.8930704760147,22.396180837191086,,
76,0.010436788201332,SSP5,2100,BGD.2.4.2_1,BGD,Bangladesh,BGD.2_1,Chittagong,NA,BGD.2.4_1,Chittagong,NA,Bakalia,NA,NA,Upazilla,Upazilla,201510,NA,91.77305768286354,22.384525248321452,,
77,0.002316351979971,SSP5,2100,BGD.2.4.2_1,BGD,Bangladesh,BGD.2_1,Chittagong,NA,BGD.2.4_1,Chittagong,NA,Bakalia,NA,NA,Upazilla,Upazilla,201510,NA,91.77980980423189,22.386867877249788,,
78,0.000490026548505,SSP5,2100,BGD.2.4.2_1,BGD,Bangladesh,BGD.2_1,Chittagong,NA,BGD.2.4_1,Chittagong,NA,Bakalia,NA,NA,Upazilla,Upazilla,201510,NA,91.79166665579498,22.387500007080497,,
79,0.00700469315052,SSP5,2100,BGD.2.4.2_1,BGD,Bangladesh,BGD.2_1,Chittagong,NA,BGD.2.4_1,Chittagong,NA,Bakalia,NA,NA,Upazilla,Upazilla,201510,NA,91.8041666557945,22.387500007080497,,
80,0.020298421382904,SSP5,2100,BGD.2.4.2_1,BGD,Bangladesh,BGD.2_1,Chittagong,NA,BGD.2.4_1,Chittagong,NA,Bakalia,NA,NA,Upazilla,Upazilla,201510,NA,91.8124999891275,22.387500007080497,,
81,0.018064260482788,SSP5,2100,BGD.2.4.2_1,BGD,Bangladesh,BGD.2_1,Chittagong,NA,BGD.2.4_1,Chittagong,NA,Bakalia,NA,NA,Upazilla,Upazilla,201510,NA,91.82083332246049,22.387500007080497,,
82,0.018540889024734,SSP5,2100,BGD.2.4.2_1,BGD,Bangladesh,BGD.2_1,Chittagong,NA,BGD.2.4_1,Chittagong,NA,Bakalia,NA,NA,Upazilla,Upazilla,201510,NA,91.83333332245999,22.387500007080497,,
83,0.005463384091854,SSP5,2100,BGD.2.4.2_1,BGD,Bangladesh,BGD.2_1,Chittagong,NA,BGD.2.4_1,Chittagong,NA,Bakalia,NA,NA,Upazilla,Upazilla,201510,NA,91.84583332245948,22.387500007080497,,
84,0.012245185673237,SSP5,2100,BGD.2.4.2_1,BGD,Bangladesh,BGD.2_1,Chittagong,NA,BGD.2.4_1,Chittagong,NA,Bakalia,NA,NA,Upazilla,Upazilla,201510,NA,91.85416665579248,22.387500007080497,,
85,0.019576236605644,SSP5,2100,BGD.2.4.2_1,BGD,Bangladesh,BGD.2_1,Chittagong,NA,BGD.2.4_1,Chittagong,NA,Bakalia,NA,NA,Upazilla,Upazilla,201510,NA,91.86249998912551,22.387500007080497,,
86,0.009268902242184,SSP5,2100,BGD.2.4.2_1,BGD,Bangladesh,BGD.2_1,Chittagong,NA,BGD.2.4_1,Chittagong,NA,Bakalia,NA,NA,Upazilla,Upazilla,201510,NA,91.8708333224585,22.387500007080497,,
87,0.077761463820934,SSP5,2100,BGD.2.4.2_1,BGD,Bangladesh,BGD.2_1,Chittagong,NA,BGD.2.4_1,Chittagong,NA,Bakalia,NA,NA,Upazilla,Upazilla,201510,NA,91.87916665579151,22.387500007080497,,
88,0.007161345332861,SSP5,2100,BGD.2.4.2_1,BGD,Bangladesh,BGD.2_1,Chittagong,NA,BGD.2.4_1,Chittagong,NA,Bakalia,NA,NA,Upazilla,Upazilla,201510,NA,91.88674811822237,22.38898883059698,,
89,0.02351763099432,SSP5,2100,BGD.2.4.2_1,BGD,Bangladesh,BGD.2_1,Chittagong,NA,BGD.2.4_1,Chittagong,NA,Bakalia,NA,NA,Upazilla,Upazilla,201510,NA,91.89225884012139,22.390911259346492,,
90,0.009246505796909,SSP5,2100,BGD.2.4.2_1,BGD,Bangladesh,BGD.2_1,Chittagong,NA,BGD.2.4_1,Chittagong,NA,Bakalia,NA,NA,Upazilla,Upazilla,201510,NA,91.76991672040683,22.378316815019986,,
91,0.020525142550468,SSP5,2100,BGD.2.4.2_1,BGD,Bangladesh,BGD.2_1,Chittagong,NA,BGD.2.4_1,Chittagong,NA,Bakalia,NA,NA,Upazilla,Upazilla,201510,NA,91.77916665579549,22.379166673747502,,
92,0.010818101465702,SSP5,2100,BGD.2.4.2_1,BGD,Bangladesh,BGD.2_1,Chittagong,NA,BGD.2.4_1,Chittagong,NA,Bakalia,NA,NA,Upazilla,Upazilla,201510,NA,91.78749998912849,22.379166673747502,,
93,0.001232019625604,SSP5,2100,BGD.2.4.2_1,BGD,Bangladesh,BGD.2_1,Chittagong,NA,BGD.2.4_1,Chittagong,NA,Bakalia,NA,NA,Upazilla,Upazilla,201510,NA,91.7958333224615,22.379166673747502,,
94,0.016902446746826,SSP5,2100,BGD.2.4.2_1,BGD,Bangladesh,BGD.2_1,Chittagong,NA,BGD.2.4_1,Chittagong,NA,Bakalia,NA,NA,Upazilla,Upazilla,201510,NA,91.80833332246098,22.379166673747502,,
95,0.022659957408905,SSP5,2100,BGD.2.4.2_1,BGD,Bangladesh,BGD.2_1,Chittagong,NA,BGD.2.4_1,Chittagong,NA,Bakalia,NA,NA,Upazilla,Upazilla,201510,NA,91.8208333224605,22.379166673747502,,
96,0.020602524280548,SSP5,2100,BGD.2.4.2_1,BGD,Bangladesh,BGD.2_1,Chittagong,NA,BGD.2.4_1,Chittagong,NA,Bakalia,NA,NA,Upazilla,Upazilla,201510,NA,91.82916665579349,22.379166673747502,,
97,0.021952673792839,SSP5,2100,BGD.2.4.2_1,BGD,Bangladesh,BGD.2_1,Chittagong,NA,BGD.2.4_1,Chittagong,NA,Bakalia,NA,NA,Upazilla,Upazilla,201510,NA,91.83749998912647,22.379166673747502,,
98,0.021698504686356,SSP5,2100,BGD.2.4.2_1,BGD,Bangladesh,BGD.2_1,Chittagong,NA,BGD.2.4_1,Chittagong,NA,Bakalia,NA,NA,Upazilla,Upazilla,201510,NA,91.84999998912599,22.379166673747502,,
99,0.012406058609486,SSP5,2100,BGD.2.4.2_1,BGD,Bangladesh,BGD.2_1,Chittagong,NA,BGD.2.4_1,Chittagong,NA,Bakalia,NA,NA,Upazilla,Upazilla,201510,NA,91.8624999891255,22.379166673747502,,
100,0.002736149355769,SSP5,2100,BGD.2.4.2_1,BGD,Bangladesh,BGD.2_1,Chittagong,NA,BGD.2.4_1,Chittagong,NA,Bakalia,NA,NA,Upazilla,Upazilla,201510,NA,91.87083332245851,22.379166673747502,,
101,0.0,SSP5,2100,BGD.2.4.2_1,BGD,Bangladesh,BGD.2_1,Chittagong,NA,BGD.2.4_1,Chittagong,NA,Bakalia,NA,NA,Upazilla,Upazilla,201510,NA,91.87839020734727,22.375973113209316,,
102,0.030911035835743,SSP5,2100,BGD.2.4.2_1,BGD,Bangladesh,BGD.2_1,Chittagong,NA,BGD.2.4_1,Chittagong,NA,Bakalia,NA,NA,Upazilla,Upazilla,201510,NA,91.88369243440671,22.38224348199613,,
103,0.004577785730362,SSP5,2100,BGD.2.4.2_1,BGD,Bangladesh,BGD.2_1,Chittagong,NA,BGD.2.4_1,Chittagong,NA,Bakalia,NA,NA,Upazilla,Upazilla,201510,NA,91.7625200793273,22.37081181981405,,
104,0.025107681751251,SSP5,2100,BGD.2.4.2_1,BGD,Bangladesh,BGD.2_1,Chittagong,NA,BGD.2.4_1,Chittagong,NA,Bakalia,NA,NA,Upazilla,Upazilla,201510,NA,91.7708333224625,22.370833340414496,,
105,0.023142874240875,SSP5,2100,BGD.2.4.2_1,BGD,Bangladesh,BGD.2_1,Chittagong,NA,BGD.2.4_1,Chittagong,NA,Bakalia,NA,NA,Upazilla,Upazilla,201510,NA,91.7791666557955,22.370833340414492,,
106,0.02314281463623,SSP5,2100,BGD.2.4.2_1,BGD,Bangladesh,BGD.2_1,Chittagong,NA,BGD.2.4_1,Chittagong,NA,Bakalia,NA,NA,Upazilla,Upazilla,201510,NA,91.78749998912849,22.370833340414492,,
107,0.011356085538864,SSP5,2100,BGD.2.4.2_1,BGD,Bangladesh,BGD.2_1,Chittagong,NA,BGD.2.4_1,Chittagong,NA,Bakalia,NA,NA,Upazilla,Upazilla,201510,NA,91.79583332246149,22.370833340414492,,
108,0.016825973987579,SSP5,2100,BGD.2.4.2_1,BGD,Bangladesh,BGD.2_1,Chittagong,NA,BGD.2.4_1,Chittagong,NA,Bakalia,NA,NA,Upazilla,Upazilla,201510,NA,91.8041666557945,22.370833340414492,,
109,0.024218440055847,SSP5,2100,BGD.2.4.2_1,BGD,Bangladesh,BGD.2_1,Chittagong,NA,BGD.2.4_1,Chittagong,NA,Bakalia,NA,NA,Upazilla,Upazilla,201510,NA,91.8124999891275,22.370833340414492,,
110,0.028664588928223,SSP5,2100,BGD.2.4.2_1,BGD,Bangladesh,BGD.2_1,Chittagong,NA,BGD.2.4_1,Chittagong,NA,Bakalia,NA,NA,Upazilla,Upazilla,201510,NA,91.82083332246049,22.370833340414492,,
111,0.028664529323578,SSP5,2100,BGD.2.4.2_1,BGD,Bangladesh,BGD.2_1,Chittagong,NA,BGD.2.4_1,Chittagong,NA,Bakalia,NA,NA,Upazilla,Upazilla,201510,NA,91.82916665579347,22.370833340414492,,
112,0.027519106864929,SSP5,2100,BGD.2.4.2_1,BGD,Bangladesh,BGD.2_1,Chittagong,NA,BGD.2.4_1,Chittagong,NA,Bakalia,NA,NA,Upazilla,Upazilla,201510,NA,91.83749998912648,22.370833340414492,,
113,0.026709258556366,SSP5,2100,BGD.2.4.2_1,BGD,Bangladesh,BGD.2_1,Chittagong,NA,BGD.2.4_1,Chittagong,NA,Bakalia,NA,NA,Upazilla,Upazilla,201510,NA,91.84583332245948,22.370833340414492,,
114,0.019399523735046,SSP5,2100,BGD.2.4.2_1,BGD,Bangladesh,BGD.2_1,Chittagong,NA,BGD.2.4_1,Chittagong,NA,Bakalia,NA,NA,Upazilla,Upazilla,201510,NA,91.85416665579248,22.370833340414492,,
115,0.019399464130402,SSP5,2100,BGD.2.4.2_1,BGD,Bangladesh,BGD.2_1,Chittagong,NA,BGD.2.4_1,Chittagong,NA,Bakalia,NA,NA,Upazilla,Upazilla,201510,NA,91.86249998912551,22.370833340414496,,
116,0.015098184347153,SSP5,2100,BGD.2.4.2_1,BGD,Bangladesh,BGD.2_1,Chittagong,NA,BGD.2.4_1,Chittagong,NA,Bakalia,NA,NA,Upazilla,Upazilla,201510,NA,91.8708333224585,22.370833340414492,,
117,0.00034861266613,SSP5,2100,BGD.2.4.2_1,BGD,Bangladesh,BGD.2_1,Chittagong,NA,BGD.2.4_1,Chittagong,NA,Bakalia,NA,NA,Upazilla,Upazilla,201510,NA,91.7624999891295,22.362500007081493,,
118,0.010256677865982,SSP5,2100,BGD.2.4.2_1,BGD,Bangladesh,BGD.2_1,Chittagong,NA,BGD.2.4_1,Chittagong,NA,Bakalia,NA,NA,Upazilla,Upazilla,201510,NA,91.7708333224625,22.362500007081497,,
119,0.024875700473785,SSP5,2100,BGD.2.4.2_1,BGD,Bangladesh,BGD.2_1,Chittagong,NA,BGD.2.4_1,Chittagong,NA,Bakalia,NA,NA,Upazilla,Upazilla,201510,NA,91.7791666557955,22.362500007081493,,
120,0.02759850025177,SSP5,2100,BGD.2.4.2_1,BGD,Bangladesh,BGD.2_1,Chittagong,NA,BGD.2.4_1,Chittagong,NA,Bakalia,NA,NA,Upazilla,Upazilla,201510,NA,91.79166665579498,22.362500007081493,,
121,0.021580040454865,SSP5,2100,BGD.2.4.2_1,BGD,Bangladesh,BGD.2_1,Chittagong,NA,BGD.2.4_1,Chittagong,NA,Bakalia,NA,NA,Upazilla,Upazilla,201510,NA,91.8041666557945,22.362500007081493,,
122,0.025163769721985,SSP5,2100,BGD.2.4.2_1,BGD,Bangladesh,BGD.2_1,Chittagong,NA,BGD.2.4_1,Chittagong,NA,Bakalia,NA,NA,Upazilla,Upazilla,201510,NA,91.8124999891275,22.362500007081493,,
123,0.025754034519196,SSP5,2100,BGD.2.4.2_1,BGD,Bangladesh,BGD.2_1,Chittagong,NA,BGD.2.4_1,Chittagong,NA,Bakalia,NA,NA,Upazilla,Upazilla,201510,NA,91.82083332246049,22.362500007081493,,
124,0.023043513298035,SSP5,2100,BGD.2.4.2_1,BGD,Bangladesh,BGD.2_1,Chittagong,NA,BGD.2.4_1,Chittagong,NA,Bakalia,NA,NA,Upazilla,Upazilla,201510,NA,91.83333332245999,22.362500007081493,,
125,0.02837598323822,SSP5,2100,BGD.2.4.2_1,BGD,Bangladesh,BGD.2_1,Chittagong,NA,BGD.2.4_1,Chittagong,NA,Bakalia,NA,NA,Upazilla,Upazilla,201510,NA,91.84583332245948,22.362500007081493,,
126,0.020904004573822,SSP5,2100,BGD.2.4.2_1,BGD,Bangladesh,BGD.2_1,Chittagong,NA,BGD.2.4_1,Chittagong,NA,Bakalia,NA,NA,Upazilla,Upazilla,201510,NA,91.85416665579248,22.362500007081493,,
127,0.015402674674988,SSP5,2100,BGD.2.4.2_1,BGD,Bangladesh,BGD.2_1,Chittagong,NA,BGD.2.4_1,Chittagong,NA,Bakalia,NA,NA,Upazilla,Upazilla,201510,NA,91.86249998912551,22.362500007081497,,
128,0.00552773475647,SSP5,2100,BGD.2.4.2_1,BGD,Bangladesh,BGD.2_1,Chittagong,NA,BGD.2.4_1,Chittagong,NA,Bakalia,NA,NA,Upazilla,Upazilla,201510,NA,91.8708333224585,22.362500007081493,,
129,0.017643578350544,SSP5,2100,BGD.2.4.2_1,BGD,Bangladesh,BGD.2_1,Chittagong,NA,BGD.2.4_1,Chittagong,NA,Bakalia,NA,NA,Upazilla,Upazilla,201510,NA,91.87653630699542,22.362982329676655,,
130,0.000286011956632,SSP5,2100,BGD.2.4.2_1,BGD,Bangladesh,BGD.2_1,Chittagong,NA,BGD.2.4_1,Chittagong,NA,Bakalia,NA,NA,Upazilla,Upazilla,201510,NA,91.7541666557965,22.354166673748498,,
131,0.006691604852676,SSP5,2100,BGD.2.4.2_1,BGD,Bangladesh,BGD.2_1,Chittagong,NA,BGD.2.4_1,Chittagong,NA,Bakalia,NA,NA,Upazilla,Upazilla,201510,NA,91.766666655796,22.354166673748498,,
132,0.022071301937103,SSP5,2100,BGD.2.4.2_1,BGD,Bangladesh,BGD.2_1,Chittagong,NA,BGD.2.4_1,Chittagong,NA,Bakalia,NA,NA,Upazilla,Upazilla,201510,NA,91.77916665579549,22.354166673748498,,
133,0.028732120990753,SSP5,2100,BGD.2.4.2_1,BGD,Bangladesh,BGD.2_1,Chittagong,NA,BGD.2.4_1,Chittagong,NA,Bakalia,NA,NA,Upazilla,Upazilla,201510,NA,91.78749998912849,22.354166673748498,,
134,0.022957384586334,SSP5,2100,BGD.2.4.2_1,BGD,Bangladesh,BGD.2_1,Chittagong,NA,BGD.2.4_1,Chittagong,NA,Bakalia,NA,NA,Upazilla,Upazilla,201510,NA,91.7958333224615,22.354166673748498,,
135,0.018920361995697,SSP5,2100,BGD.2.4.2_1,BGD,Bangladesh,BGD.2_1,Chittagong,NA,BGD.2.4_1,Chittagong,NA,Bakalia,NA,NA,Upazilla,Upazilla,201510,NA,91.80833332246098,22.354166673748498,,
136,0.022711217403412,SSP5,2100,BGD.2.4.2_1,BGD,Bangladesh,BGD.2_1,Chittagong,NA,BGD.2.4_1,Chittagong,NA,Bakalia,NA,NA,Upazilla,Upazilla,201510,NA,91.8208333224605,22.354166673748498,,
137,0.021059513092041,SSP5,2100,BGD.2.4.2_1,BGD,Bangladesh,BGD.2_1,Chittagong,NA,BGD.2.4_1,Chittagong,NA,Bakalia,NA,NA,Upazilla,Upazilla,201510,NA,91.82916665579349,22.354166673748498,,
138,0.025949954986572,SSP5,2100,BGD.2.4.2_1,BGD,Bangladesh,BGD.2_1,Chittagong,NA,BGD.2.4_1,Chittagong,NA,Bakalia,NA,NA,Upazilla,Upazilla,201510,NA,91.83749998912647,22.354166673748498,,
139,0.022876679897308,SSP5,2100,BGD.2.4.2_1,BGD,Bangladesh,BGD.2_1,Chittagong,NA,BGD.2.4_1,Chittagong,NA,Bakalia,NA,NA,Upazilla,Upazilla,201510,NA,91.84999998912599,22.354166673748498,,
140,0.015569001436234,SSP5,2100,BGD.2.4.2_1,BGD,Bangladesh,BGD.2_1,Chittagong,NA,BGD.2.4_1,Chittagong,NA,Bakalia,NA,NA,Upazilla,Upazilla,201510,NA,91.8624999891255,22.354166673748498,,
141,0.002535454928875,SSP5,2100,BGD.2.4.2_1,BGD,Bangladesh,BGD.2_1,Chittagong,NA,BGD.2.4_1,Chittagong,NA,Bakalia,NA,NA,Upazilla,Upazilla,201510,NA,91.87065701196694,22.354301810571602,,
142,0.001133917365223,SSP5,2100,BGD.2.4.2_1,BGD,Bangladesh,BGD.2_1,Chittagong,NA,BGD.2.4_1,Chittagong,NA,Bakalia,NA,NA,Upazilla,Upazilla,201510,NA,91.87563852048116,22.356873443880446,,
143,0.000191803555936,SSP5,2100,BGD.2.4.2_1,BGD,Bangladesh,BGD.2_1,Chittagong,NA,BGD.2.4_1,Chittagong,NA,Bakalia,NA,NA,Upazilla,Upazilla,201510,NA,91.7624999891295,22.345833340415496,,
144,0.016274809837341,SSP5,2100,BGD.2.4.2_1,BGD,Bangladesh,BGD.2_1,Chittagong,NA,BGD.2.4_1,Chittagong,NA,Bakalia,NA,NA,Upazilla,Upazilla,201510,NA,91.7708333224625,22.345833340415492,,
145,0.026233553886414,SSP5,2100,BGD.2.4.2_1,BGD,Bangladesh,BGD.2_1,Chittagong,NA,BGD.2.4_1,Chittagong,NA,Bakalia,NA,NA,Upazilla,Upazilla,201510,NA,91.783333322462,22.345833340415496,,
146,0.02617621421814,SSP5,2100,BGD.2.4.2_1,BGD,Bangladesh,BGD.2_1,Chittagong,NA,BGD.2.4_1,Chittagong,NA,Bakalia,NA,NA,Upazilla,Upazilla,201510,NA,91.79583332246149,22.345833340415496,,
147,0.025975525379181,SSP5,2100,BGD.2.4.2_1,BGD,Bangladesh,BGD.2_1,Chittagong,NA,BGD.2.4_1,Chittagong,NA,Bakalia,NA,NA,Upazilla,Upazilla,201510,NA,91.8041666557945,22.345833340415496,,
148,0.020088970661163,SSP5,2100,BGD.2.4.2_1,BGD,Bangladesh,BGD.2_1,Chittagong,NA,BGD.2.4_1,Chittagong,NA,Bakalia,NA,NA,Upazilla,Upazilla,201510,NA,91.816666655794,22.345833340415496,,
149,0.018807590007782,SSP5,2100,BGD.2.4.2_1,BGD,Bangladesh,BGD.2_1,Chittagong,NA,BGD.2.4_1,Chittagong,NA,Bakalia,NA,NA,Upazilla,Upazilla,201510,NA,91.82916665579347,22.345833340415496,,
150,0.028007686138153,SSP5,2100,BGD.2.4.2_1,BGD,Bangladesh,BGD.2_1,Chittagong,NA,BGD.2.4_1,Chittagong,NA,Bakalia,NA,NA,Upazilla,Upazilla,201510,NA,91.83749998912648,22.345833340415496,,
151,0.029653072357178,SSP5,2100,BGD.2.4.2_1,BGD,Bangladesh,BGD.2_1,Chittagong,NA,BGD.2.4_1,Chittagong,NA,Bakalia,NA,NA,Upazilla,Upazilla,201510,NA,91.84583332245948,22.345833340415496,,
152,0.011764377355576,SSP5,2100,BGD.2.4.2_1,BGD,Bangladesh,BGD.2_1,Chittagong,NA,BGD.2.4_1,Chittagong,NA,Bakalia,NA,NA,Upazilla,Upazilla,201510,NA,91.85833332245899,22.345833340415496,,
153,1.8351245672e-05,SSP5,2100,BGD.2.4.2_1,BGD,Bangladesh,BGD.2_1,Chittagong,NA,BGD.2.4_1,Chittagong,NA,Bakalia,NA,NA,Upazilla,Upazilla,201510,NA,91.86973992638059,22.34584305916682,,
154,0.005327329039574,SSP5,2100,BGD.2.4.2_1,BGD,Bangladesh,BGD.2_1,Chittagong,NA,BGD.2.4_1,Chittagong,NA,Bakalia,NA,NA,Upazilla,Upazilla,201510,NA,91.7708333224625,22.3375000070825,,
155,0.012250274419785,SSP5,2100,BGD.2.4.2_1,BGD,Bangladesh,BGD.2_1,Chittagong,NA,BGD.2.4_1,Chittagong,NA,Bakalia,NA,NA,Upazilla,Upazilla,201510,NA,91.7791666557955,22.337500007082497,,
156,0.022258281707764,SSP5,2100,BGD.2.4.2_1,BGD,Bangladesh,BGD.2_1,Chittagong,NA,BGD.2.4_1,Chittagong,NA,Bakalia,NA,NA,Upazilla,Upazilla,201510,NA,91.78749998912849,22.337500007082497,,
157,0.022258400917053,SSP5,2100,BGD.2.4.2_1,BGD,Bangladesh,BGD.2_1,Chittagong,NA,BGD.2.4_1,Chittagong,NA,Bakalia,NA,NA,Upazilla,Upazilla,201510,NA,91.79583332246149,22.337500007082497,,
158,0.026026666164398,SSP5,2100,BGD.2.4.2_1,BGD,Bangladesh,BGD.2_1,Chittagong,NA,BGD.2.4_1,Chittagong,NA,Bakalia,NA,NA,Upazilla,Upazilla,201510,NA,91.8041666557945,22.337500007082497,,
159,0.029097616672516,SSP5,2100,BGD.2.4.2_1,BGD,Bangladesh,BGD.2_1,Chittagong,NA,BGD.2.4_1,Chittagong,NA,Bakalia,NA,NA,Upazilla,Upazilla,201510,NA,91.8124999891275,22.337500007082497,,
160,0.028744518756866,SSP5,2100,BGD.2.4.2_1,BGD,Bangladesh,BGD.2_1,Chittagong,NA,BGD.2.4_1,Chittagong,NA,Bakalia,NA,NA,Upazilla,Upazilla,201510,NA,91.82083332246049,22.337500007082497,,
161,0.029676616191864,SSP5,2100,BGD.2.4.2_1,BGD,Bangladesh,BGD.2_1,Chittagong,NA,BGD.2.4_1,Chittagong,NA,Bakalia,NA,NA,Upazilla,Upazilla,201510,NA,91.83333332245999,22.337500007082497,,
162,0.028779804706573,SSP5,2100,BGD.2.4.2_1,BGD,Bangladesh,BGD.2_1,Chittagong,NA,BGD.2.4_1,Chittagong,NA,Bakalia,NA,NA,Upazilla,Upazilla,201510,NA,91.84583332245948,22.337500007082497,,
163,0.017920553684235,SSP5,2100,BGD.2.4.2_1,BGD,Bangladesh,BGD.2_1,Chittagong,NA,BGD.2.4_1,Chittagong,NA,Bakalia,NA,NA,Upazilla,Upazilla,201510,NA,91.85416665579248,22.337500007082497,,
164,0.000517437234521,SSP5,2100,BGD.2.4.2_1,BGD,Bangladesh,BGD.2_1,Chittagong,NA,BGD.2.4_1,Chittagong,NA,Bakalia,NA,NA,Upazilla,Upazilla,201510,NA,91.86249998912551,22.3375000070825,,
165,0.000169632956386,SSP5,2100,BGD.2.4.2_1,BGD,Bangladesh,BGD.2_1,Chittagong,NA,BGD.2.4_1,Chittagong,NA,Bakalia,NA,NA,Upazilla,Upazilla,201510,NA,91.8700312052147,22.33774511847733,,
166,0.000157119706273,SSP5,2100,BGD.2.4.2_1,BGD,Bangladesh,BGD.2_1,Chittagong,NA,BGD.2.4_1,Chittagong,NA,Bakalia,NA,NA,Upazilla,Upazilla,201510,NA,91.7624999891295,22.329166673749498,,
167,0.000157119240612,SSP5,2100,BGD.2.4.2_1,BGD,Bangladesh,BGD.2_1,Chittagong,NA,BGD.2.4_1,Chittagong,NA,Bakalia,NA,NA,Upazilla,Upazilla,201510,NA,91.7708333224625,22.329166673749498,,
168,0.010373473167419,SSP5,2100,BGD.2.4.2_1,BGD,Bangladesh,BGD.2_1,Chittagong,NA,BGD.2.4_1,Chittagong,NA,Bakalia,NA,NA,Upazilla,Upazilla,201510,NA,91.7791666557955,22.329166673749498,,
169,0.013706088066101,SSP5,2100,BGD.2.4.2_1,BGD,Bangladesh,BGD.2_1,Chittagong,NA,BGD.2.4_1,Chittagong,NA,Bakalia,NA,NA,Upazilla,Upazilla,201510,NA,91.78749998912849,22.329166673749498,,
170,0.025862753391266,SSP5,2100,BGD.2.4.2_1,BGD,Bangladesh,BGD.2_1,Chittagong,NA,BGD.2.4_1,Chittagong,NA,Bakalia,NA,NA,Upazilla,Upazilla,201510,NA,91.79583332246149,22.329166673749498,,
171,0.02596127986908,SSP5,2100,BGD.2.4.2_1,BGD,Bangladesh,BGD.2_1,Chittagong,NA,BGD.2.4_1,Chittagong,NA,Bakalia,NA,NA,Upazilla,Upazilla,201510,NA,91.80833332246101,22.329166673749498,,
172,0.026007890701294,SSP5,2100,BGD.2.4.2_1,BGD,Bangladesh,BGD.2_1,Chittagong,NA,BGD.2.4_1,Chittagong,NA,Bakalia,NA,NA,Upazilla,Upazilla,201510,NA,91.82083332246049,22.329166673749498,,
173,0.015160530805588,SSP5,2100,BGD.2.4.2_1,BGD,Bangladesh,BGD.2_1,Chittagong,NA,BGD.2.4_1,Chittagong,NA,Bakalia,NA,NA,Upazilla,Upazilla,201510,NA,91.82916665579347,22.329166673749498,,
174,0.004119038581848,SSP5,2100,BGD.2.4.2_1,BGD,Bangladesh,BGD.2_1,Chittagong,NA,BGD.2.4_1,Chittagong,NA,Bakalia,NA,NA,Upazilla,Upazilla,201510,NA,91.83749998912648,22.329166673749498,,
175,0.000897036865354,SSP5,2100,BGD.2.4.2_1,BGD,Bangladesh,BGD.2_1,Chittagong,NA,BGD.2.4_1,Chittagong,NA,Bakalia,NA,NA,Upazilla,Upazilla,201510,NA,91.84999998912599,22.329166673749498,,
176,0.0,SSP5,2100,BGD.2.4.2_1,BGD,Bangladesh,BGD.2_1,Chittagong,NA,BGD.2.4_1,Chittagong,NA,Bakalia,NA,NA,Upazilla,Upazilla,201510,NA,91.86227580965146,22.329431367869894,,
177,0.006593927741051,SSP5,2100,BGD.2.4.2_1,BGD,Bangladesh,BGD.2_1,Chittagong,NA,BGD.2.4_1,Chittagong,NA,Bakalia,NA,NA,Upazilla,Upazilla,201510,NA,91.86843696496372,22.331303063957844,,
178,0.007509380578995,SSP5,2100,BGD.2.4.2_1,BGD,Bangladesh,BGD.2_1,Chittagong,NA,BGD.2.4_1,Chittagong,NA,Bakalia,NA,NA,Upazilla,Upazilla,201510,NA,91.7708333224625,22.320833340416495,,
179,0.007509395480156,SSP5,2100,BGD.2.4.2_1,BGD,Bangladesh,BGD.2_1,Chittagong,NA,BGD.2.4_1,Chittagong,NA,Bakalia,NA,NA,Upazilla,Upazilla,201510,NA,91.77916665579549,22.320833340416495,,
180,0.017018735408783,SSP5,2100,BGD.2.4.2_1,BGD,Bangladesh,BGD.2_1,Chittagong,NA,BGD.2.4_1,Chittagong,NA,Bakalia,NA,NA,Upazilla,Upazilla,201510,NA,91.78749998912849,22.320833340416495,,
181,0.020109951496124,SSP5,2100,BGD.2.4.2_1,BGD,Bangladesh,BGD.2_1,Chittagong,NA,BGD.2.4_1,Chittagong,NA,Bakalia,NA,NA,Upazilla,Upazilla,201510,NA,91.7958333224615,22.320833340416495,,
182,0.024812996387482,SSP5,2100,BGD.2.4.2_1,BGD,Bangladesh,BGD.2_1,Chittagong,NA,BGD.2.4_1,Chittagong,NA,Bakalia,NA,NA,Upazilla,Upazilla,201510,NA,91.8041666557945,22.320833340416495,,
183,0.007809355854988,SSP5,2100,BGD.2.4.2_1,BGD,Bangladesh,BGD.2_1,Chittagong,NA,BGD.2.4_1,Chittagong,NA,Bakalia,NA,NA,Upazilla,Upazilla,201510,NA,91.81666665579401,22.320833340416495,,
184,0.004129469394684,SSP5,2100,BGD.2.4.2_1,BGD,Bangladesh,BGD.2_1,Chittagong,NA,BGD.2.4_1,Chittagong,NA,Bakalia,NA,NA,Upazilla,Upazilla,201510,NA,91.82909242728653,22.320931060628936,,
185,0.01535227894783,SSP5,2100,BGD.2.4.2_1,BGD,Bangladesh,BGD.2_1,Chittagong,NA,BGD.2.4_1,Chittagong,NA,Bakalia,NA,NA,Upazilla,Upazilla,201510,NA,91.8372690039311,22.321801554361024,,
186,0.019061982631683,SSP5,2100,BGD.2.4.2_1,BGD,Bangladesh,BGD.2_1,Chittagong,NA,BGD.2.4_1,Chittagong,NA,Bakalia,NA,NA,Upazilla,Upazilla,201510,NA,91.84555618482932,22.32280851588633,,
187,0.016600131988525,SSP5,2100,BGD.2.4.2_1,BGD,Bangladesh,BGD.2_1,Chittagong,NA,BGD.2.4_1,Chittagong,NA,Bakalia,NA,NA,Upazilla,Upazilla,201510,NA,91.85366266129773,22.323580157999157,,
188,0.016600072383881,SSP5,2100,BGD.2.4.2_1,BGD,Bangladesh,BGD.2_1,Chittagong,NA,BGD.2.4_1,Chittagong,NA,Bakalia,NA,NA,Upazilla,Upazilla,201510,NA,91.85967797902963,22.324440708753368,,
189,0.000549729913473,SSP5,2100,BGD.2.4.2_1,BGD,Bangladesh,BGD.2_1,Chittagong,NA,BGD.2.4_1,Chittagong,NA,Bakalia,NA,NA,Upazilla,Upazilla,201510,NA,91.7708333224625,22.312500007083496,,
190,0.0205397605896,SSP5,2100,BGD.2.4.2_1,BGD,Bangladesh,BGD.2_1,Chittagong,NA,BGD.2.4_1,Chittagong,NA,Bakalia,NA,NA,Upazilla,Upazilla,201510,NA,91.7791666557955,22.3125000070835,,
191,0.020722091197968,SSP5,2100,BGD.2.4.2_1,BGD,Bangladesh,BGD.2_1,Chittagong,NA,BGD.2.4_1,Chittagong,NA,Bakalia,NA,NA,Upazilla,Upazilla,201510,NA,91.78749998912849,22.3125000070835,,
192,0.020722031593323,SSP5,2100,BGD.2.4.2_1,BGD,Bangladesh,BGD.2_1,Chittagong,NA,BGD.2.4_1,Chittagong,NA,Bakalia,NA,NA,Upazilla,Upazilla,201510,NA,91.79583332246149,22.3125000070835,,
193,0.01284584403038,SSP5,2100,BGD.2.4.2_1,BGD,Bangladesh,BGD.2_1,Chittagong,NA,BGD.2.4_1,Chittagong,NA,Bakalia,NA,NA,Upazilla,Upazilla,201510,NA,91.8041666557945,22.3125000070835,,
194,0.001572247594595,SSP5,2100,BGD.2.4.2_1,BGD,Bangladesh,BGD.2_1,Chittagong,NA,BGD.2.4_1,Chittagong,NA,Bakalia,NA,NA,Upazilla,Upazilla,201510,NA,91.8124572499482,22.312544736767663,,
195,0.00416325032711,SSP5,2100,BGD.2.4.2_1,BGD,Bangladesh,BGD.2_1,Chittagong,NA,BGD.2.4_1,Chittagong,NA,Bakalia,NA,NA,Upazilla,Upazilla,201510,NA,91.82001571914499,22.314117589067155,,
196,0.008456170558929,SSP5,2100,BGD.2.4.2_1,BGD,Bangladesh,BGD.2_1,Chittagong,NA,BGD.2.4_1,Chittagong,NA,Bakalia,NA,NA,Upazilla,Upazilla,201510,NA,91.82641752117618,22.316000937640265,,
197,0.000394877977669,SSP5,2100,BGD.2.4.2_1,BGD,Bangladesh,BGD.2_1,Chittagong,NA,BGD.2.4_1,Chittagong,NA,Bakalia,NA,NA,Upazilla,Upazilla,201510,NA,91.7708333224625,22.3041666737505,,
198,0.01760071516037,SSP5,2100,BGD.2.4.2_1,BGD,Bangladesh,BGD.2_1,Chittagong,NA,BGD.2.4_1,Chittagong,NA,Bakalia,NA,NA,Upazilla,Upazilla,201510,NA,91.7791666557955,22.3041666737505,,
199,0.024680018424988,SSP5,2100,BGD.2.4.2_1,BGD,Bangladesh,BGD.2_1,Chittagong,NA,BGD.2.4_1,Chittagong,NA,Bakalia,NA,NA,Upazilla,Upazilla,201510,NA,91.78749998912849,22.3041666737505,,
200,0.006657481193542,SSP5,2100,BGD.2.4.2_1,BGD,Bangladesh,BGD.2_1,Chittagong,NA,BGD.2.4_1,Chittagong,NA,Bakalia,NA,NA,Upazilla,Upazilla,201510,NA,91.79583332246149,22.3041666737505,,
201,0.001598112285137,SSP5,2100,BGD.2.4.2_1,BGD,Bangladesh,BGD.2_1,Chittagong,NA,BGD.2.4_1,Chittagong,NA,Bakalia,NA,NA,Upazilla,Upazilla,201510,NA,91.80380464019368,22.304522921340705,,
202,0.001598116010427,SSP5,2100,BGD.2.4.2_1,BGD,Bangladesh,BGD.2_1,Chittagong,NA,BGD.2.4_1,Chittagong,NA,Bakalia,NA,NA,Upazilla,Upazilla,201510,NA,91.81059504412016,22.306816774471475,,
203,0.013911753892899,SSP5,2100,BGD.2.4.2_1,BGD,Bangladesh,BGD.2_1,Chittagong,NA,BGD.2.4_1,Chittagong,NA,Bakalia,NA,NA,Upazilla,Upazilla,201510,NA,91.7708333224625,22.29583334041749,,
204,0.013911783695221,SSP5,2100,BGD.2.4.2_1,BGD,Bangladesh,BGD.2_1,Chittagong,NA,BGD.2.4_1,Chittagong,NA,Bakalia,NA,NA,Upazilla,Upazilla,201510,NA,91.77916665579549,22.295833340417495,,
205,0.021467328071594,SSP5,2100,BGD.2.4.2_1,BGD,Bangladesh,BGD.2_1,Chittagong,NA,BGD.2.4_1,Chittagong,NA,Bakalia,NA,NA,Upazilla,Upazilla,201510,NA,91.78749998912849,22.295833340417495,,
206,0.006893083453178,SSP5,2100,BGD.2.4.2_1,BGD,Bangladesh,BGD.2_1,Chittagong,NA,BGD.2.4_1,Chittagong,NA,Bakalia,NA,NA,Upazilla,Upazilla,201510,NA,91.7958333224615,22.295833340417495,,
207,0.000335725024343,SSP5,2100,BGD.2.4.2_1,BGD,Bangladesh,BGD.2_1,Chittagong,NA,BGD.2.4_1,Chittagong,NA,Bakalia,NA,NA,Upazilla,Upazilla,201510,NA,91.80144084846405,22.296965730468774,,
208,0.004149526357651,SSP5,2100,BGD.2.4.2_1,BGD,Bangladesh,BGD.2_1,Chittagong,NA,BGD.2.4_1,Chittagong,NA,Bakalia,NA,NA,Upazilla,Upazilla,201510,NA,91.7708333224625,22.2875000070845,,
209,0.018021583557129,SSP5,2100,BGD.2.4.2_1,BGD,Bangladesh,BGD.2_1,Chittagong,NA,BGD.2.4_1,Chittagong,NA,Bakalia,NA,NA,Upazilla,Upazilla,201510,NA,91.7791666557955,22.287500007084493,,
210,0.011464953422546,SSP5,2100,BGD.2.4.2_1,BGD,Bangladesh,BGD.2_1,Chittagong,NA,BGD.2.4_1,Chittagong,NA,Bakalia,NA,NA,Upazilla,Upazilla,201510,NA,91.78749998912849,22.287500007084493,,
211,0.011464923620224,SSP5,2100,BGD.2.4.2_1,BGD,Bangladesh,BGD.2_1,Chittagong,NA,BGD.2.4_1,Chittagong,NA,Bakalia,NA,NA,Upazilla,Upazilla,201510,NA,91.79583332246149,22.287500007084493,,
212,0.001601960510015,SSP5,2100,BGD.2.4.2_1,BGD,Bangladesh,BGD.2_1,Chittagong,NA,BGD.2.4_1,Chittagong,NA,Bakalia,NA,NA,Upazilla,Upazilla,201510,NA,91.80099283760548,22.286386960939062,,
213,0.004296839237213,SSP5,2100,BGD.2.4.2_1,BGD,Bangladesh,BGD.2_1,Chittagong,NA,BGD.2.4_1,Chittagong,NA,Bakalia,NA,NA,Upazilla,Upazilla,201510,NA,91.7791666557955,22.279166673751497,,
214,0.01587438583374,SSP5,2100,BGD.2.4.2_1,BGD,Bangladesh,BGD.2_1,Chittagong,NA,BGD.2.4_1,Chittagong,NA,Bakalia,NA,NA,Upazilla,Upazilla,201510,NA,91.78749998912849,22.279166673751497,,
215,0.008037626743317,SSP5,2100,BGD.2.4.2_1,BGD,Bangladesh,BGD.2_1,Chittagong,NA,BGD.2.4_1,Chittagong,NA,Bakalia,NA,NA,Upazilla,Upazilla,201510,NA,91.7995752722188,22.27897565326469,,
216,0.003423981368542,SSP5,2100,BGD.2.4.2_1,BGD,Bangladesh,BGD.2_1,Chittagong,NA,BGD.2.4_1,Chittagong,NA,Bakalia,NA,NA,Upazilla,Upazilla,201510,NA,91.81161365234772,22.276681656918893,,
217,0.00015190243721,SSP5,2100,BGD.2.4.2_1,BGD,Bangladesh,BGD.2_1,Chittagong,NA,BGD.2.4_1,Chittagong,NA,Bakalia,NA,NA,Upazilla,Upazilla,201510,NA,91.82011201848783,22.275549211397635,,
218,0.000739578157663,SSP5,2100,BGD.2.4.2_1,BGD,Bangladesh,BGD.2_1,Chittagong,NA,BGD.2.4_1,Chittagong,NA,Bakalia,NA,NA,Upazilla,Upazilla,201510,NA,91.82530280438621,22.27508262939447,,
219,0.001070830971003,SSP5,2100,BGD.2.4.2_1,BGD,Bangladesh,BGD.2_1,Chittagong,NA,BGD.2.4_1,Chittagong,NA,Bakalia,NA,NA,Upazilla,Upazilla,201510,NA,91.774999989129,22.2708333404185,,
220,0.0113565325737,SSP5,2100,BGD.2.4.2_1,BGD,Bangladesh,BGD.2_1,Chittagong,NA,BGD.2.4_1,Chittagong,NA,Bakalia,NA,NA,Upazilla,Upazilla,201510,NA,91.78749998912849,22.2708333404185,,
221,0.008783131837845,SSP5,2100,BGD.2.4.2_1,BGD,Bangladesh,BGD.2_1,Chittagong,NA,BGD.2.4_1,Chittagong,NA,Bakalia,NA,NA,Upazilla,Upazilla,201510,NA,91.7958333224615,22.2708333404185,,
222,0.007682412862778,SSP5,2100,BGD.2.4.2_1,BGD,Bangladesh,BGD.2_1,Chittagong,NA,BGD.2.4_1,Chittagong,NA,Bakalia,NA,NA,Upazilla,Upazilla,201510,NA,91.8041666557945,22.2708333404185,,
223,0.007329404354095,SSP5,2100,BGD.2.4.2_1,BGD,Bangladesh,BGD.2_1,Chittagong,NA,BGD.2.4_1,Chittagong,NA,Bakalia,NA,NA,Upazilla,Upazilla,201510,NA,91.81249998912752,22.2708333404185,,
224,0.007329374551773,SSP5,2100,BGD.2.4.2_1,BGD,Bangladesh,BGD.2_1,Chittagong,NA,BGD.2.4_1,Chittagong,NA,Bakalia,NA,NA,Upazilla,Upazilla,201510,NA,91.8208333224605,22.2708333404185,,
225,0.002638921141624,SSP5,2100,BGD.2.4.2_1,BGD,Bangladesh,BGD.2_1,Chittagong,NA,BGD.2.4_1,Chittagong,NA,Bakalia,NA,NA,Upazilla,Upazilla,201510,NA,91.82893475359006,22.270391694278867,,
226,0.001752689480782,SSP5,2100,BGD.2.4.2_1,BGD,Bangladesh,BGD.2_1,Chittagong,NA,BGD.2.4_1,Chittagong,NA,Bakalia,NA,NA,Upazilla,Upazilla,201510,NA,91.83558440608178,22.26871614179348,,
227,0.002825252711773,SSP5,2100,BGD.2.4.2_1,BGD,Bangladesh,BGD.2_1,Chittagong,NA,BGD.2.4_1,Chittagong,NA,Bakalia,NA,NA,Upazilla,Upazilla,201510,NA,91.7791666557955,22.262500007085492,,
228,0.015583693981171,SSP5,2100,BGD.2.4.2_1,BGD,Bangladesh,BGD.2_1,Chittagong,NA,BGD.2.4_1,Chittagong,NA,Bakalia,NA,NA,Upazilla,Upazilla,201510,NA,91.78749998912849,22.262500007085492,,
229,0.015583723783493,SSP5,2100,BGD.2.4.2_1,BGD,Bangladesh,BGD.2_1,Chittagong,NA,BGD.2.4_1,Chittagong,NA,Bakalia,NA,NA,Upazilla,Upazilla,201510,NA,91.79583332246149,22.262500007085492,,
230,0.010738253593445,SSP5,2100,BGD.2.4.2_1,BGD,Bangladesh,BGD.2_1,Chittagong,NA,BGD.2.4_1,Chittagong,NA,Bakalia,NA,NA,Upazilla,Upazilla,201510,NA,91.8041666557945,22.262500007085492,,
231,0.013637036085129,SSP5,2100,BGD.2.4.2_1,BGD,Bangladesh,BGD.2_1,Chittagong,NA,BGD.2.4_1,Chittagong,NA,Bakalia,NA,NA,Upazilla,Upazilla,201510,NA,91.8124999891275,22.262500007085492,,
232,0.003192655742168,SSP5,2100,BGD.2.4.2_1,BGD,Bangladesh,BGD.2_1,Chittagong,NA,BGD.2.4_1,Chittagong,NA,Bakalia,NA,NA,Upazilla,Upazilla,201510,NA,91.82083332246049,22.262500007085492,,
233,0.003254570066929,SSP5,2100,BGD.2.4.2_1,BGD,Bangladesh,BGD.2_1,Chittagong,NA,BGD.2.4_1,Chittagong,NA,Bakalia,NA,NA,Upazilla,Upazilla,201510,NA,91.83286028767914,22.26244186539758,,
234,0.005315348505974,SSP5,2100,BGD.2.4.2_1,BGD,Bangladesh,BGD.2_1,Chittagong,NA,BGD.2.4_1,Chittagong,NA,Bakalia,NA,NA,Upazilla,Upazilla,201510,NA,91.78749998912849,22.254166673752497,,
235,0.012257039546967,SSP5,2100,BGD.2.4.2_1,BGD,Bangladesh,BGD.2_1,Chittagong,NA,BGD.2.4_1,Chittagong,NA,Bakalia,NA,NA,Upazilla,Upazilla,201510,NA,91.799999989128,22.254166673752497,,
236,0.00552062690258,SSP5,2100,BGD.2.4.2_1,BGD,Bangladesh,BGD.2_1,Chittagong,NA,BGD.2.4_1,Chittagong,NA,Bakalia,NA,NA,Upazilla,Upazilla,201510,NA,91.8124999891275,22.254166673752497,,
237,0.007096722722054,SSP5,2100,BGD.2.4.2_1,BGD,Bangladesh,BGD.2_1,Chittagong,NA,BGD.2.4_1,Chittagong,NA,Bakalia,NA,NA,Upazilla,Upazilla,201510,NA,91.82083332246049,22.254166673752497,,
238,0.002307638525963,SSP5,2100,BGD.2.4.2_1,BGD,Bangladesh,BGD.2_1,Chittagong,NA,BGD.2.4_1,Chittagong,NA,Bakalia,NA,NA,Upazilla,Upazilla,201510,NA,91.82916665579347,22.254166673752497,,
239,0.002854041755199,SSP5,2100,BGD.2.4.2_1,BGD,Bangladesh,BGD.2_1,Chittagong,NA,BGD.2.4_1,Chittagong,NA,Bakalia,NA,NA,Upazilla,Upazilla,201510,NA,91.83696267903865,22.254224818929707,,
240,0.0,SSP5,2100,BGD.2.4.2_1,BGD,Bangladesh,BGD.2_1,Chittagong,NA,BGD.2.4_1,Chittagong,NA,Bakalia,NA,NA,Upazilla,Upazilla,201510,NA,91.77499762262507,22.36157288167083,,
241,0.000709215179086,SSP5,2100,BGD.2.4.2_1,BGD,Bangladesh,BGD.2_1,Chittagong,NA,BGD.2.4_1,Chittagong,NA,Bakalia,NA,NA,Upazilla,Upazilla,201510,NA,91.78749998912849,22.245833340419495,,
242,0.018187314271927,SSP5,2100,BGD.2.4.2_1,BGD,Bangladesh,BGD.2_1,Chittagong,NA,BGD.2.4_1,Chittagong,NA,Bakalia,NA,NA,Upazilla,Upazilla,201510,NA,91.7958333224615,22.245833340419495,,
243,0.010050795972347,SSP5,2100,BGD.2.4.2_1,BGD,Bangladesh,BGD.2_1,Chittagong,NA,BGD.2.4_1,Chittagong,NA,Bakalia,NA,NA,Upazilla,Upazilla,201510,NA,91.8041666557945,22.245833340419495,,
244,0.026100039482117,SSP5,2100,BGD.2.4.2_1,BGD,Bangladesh,BGD.2_1,Chittagong,NA,BGD.2.4_1,Chittagong,NA,Bakalia,NA,NA,Upazilla,Upazilla,201510,NA,91.81666665579401,22.245833340419495,,
245,0.001251518726349,SSP5,2100,BGD.2.4.2_1,BGD,Bangladesh,BGD.2_1,Chittagong,NA,BGD.2.4_1,Chittagong,NA,Bakalia,NA,NA,Upazilla,Upazilla,201510,NA,91.82916665579349,22.245833340419495,,
246,0.009256571531296,SSP5,2100,BGD.2.4.2_1,BGD,Bangladesh,BGD.2_1,Chittagong,NA,BGD.2.4_1,Chittagong,NA,Bakalia,NA,NA,Upazilla,Upazilla,201510,NA,91.8362276793215,22.24602738412382,,
247,0.003860587254167,SSP5,2100,BGD.2.4.2_1,BGD,Bangladesh,BGD.2_1,Chittagong,NA,BGD.2.4_1,Chittagong,NA,Bakalia,NA,NA,Upazilla,Upazilla,201510,NA,91.78783979872402,22.237760114136233,,
248,0.003860590979457,SSP5,2100,BGD.2.4.2_1,BGD,Bangladesh,BGD.2_1,Chittagong,NA,BGD.2.4_1,Chittagong,NA,Bakalia,NA,NA,Upazilla,Upazilla,201510,NA,91.79583332246149,22.237500007086496,,
249,0.007773455232382,SSP5,2100,BGD.2.4.2_1,BGD,Bangladesh,BGD.2_1,Chittagong,NA,BGD.2.4_1,Chittagong,NA,Bakalia,NA,NA,Upazilla,Upazilla,201510,NA,91.8041666557945,22.237500007086496,,
250,0.002853341400623,SSP5,2100,BGD.2.4.2_1,BGD,Bangladesh,BGD.2_1,Chittagong,NA,BGD.2.4_1,Chittagong,NA,Bakalia,NA,NA,Upazilla,Upazilla,201510,NA,91.8124999891275,22.237500007086496,,
251,0.010977827012539,SSP5,2100,BGD.2.4.2_1,BGD,Bangladesh,BGD.2_1,Chittagong,NA,BGD.2.4_1,Chittagong,NA,Bakalia,NA,NA,Upazilla,Upazilla,201510,NA,91.824659980568,22.237678452482896,,
252,0.007819451391697,SSP5,2100,BGD.2.4.2_1,BGD,Bangladesh,BGD.2_1,Chittagong,NA,BGD.2.4_1,Chittagong,NA,Bakalia,NA,NA,Upazilla,Upazilla,201510,NA,91.83490688868825,22.239748206826206,,
253,0.000379945617169,SSP5,2100,BGD.2.4.2_1,BGD,Bangladesh,BGD.2_1,Chittagong,NA,BGD.2.4_1,Chittagong,NA,Bakalia,NA,NA,Upazilla,Upazilla,201510,NA,91.79999979549717,22.22920881716674,,
254,0.012071169912815,SSP5,2100,BGD.2.4.2_1,BGD,Bangladesh,BGD.2_1,Chittagong,NA,BGD.2.4_1,Chittagong,NA,Bakalia,NA,NA,Upazilla,Upazilla,201510,NA,91.82604834831112,22.232107958178243,,
